timestamp,source_ip,username,event_type,status
2026-03-05 06:33:17.060336+00:00,212.125.4.212,vm_user,Accepted password,success
2026-03-05 06:39:56.818891+00:00,143.244.190.213,sol,Invalid user,auth_fail
2026-03-05 06:39:59.128588+00:00,143.244.190.213,sol,Failed password,auth_fail
2026-03-05 06:41:23.120597+00:00,165.232.112.134,solana,Invalid user,auth_fail
2026-03-05 06:41:25.221540+00:00,165.232.112.134,solana,Failed password,auth_fail
2026-03-05 06:42:20.110426+00:00,143.244.190.213,solana,Invalid user,auth_fail
2026-03-05 06:42:22.183533+00:00,143.244.190.213,solana,Failed password,auth_fail
2026-03-05 06:44:34.208610+00:00,143.244.190.213,sol,Invalid user,auth_fail
2026-03-05 06:44:36.347464+00:00,143.244.190.213,sol,Failed password,auth_fail
2026-03-05 06:46:48.047230+00:00,143.244.190.213,sol,Invalid user,auth_fail
2026-03-05 06:46:50.577690+00:00,143.244.190.213,sol,Failed password,auth_fail
2026-03-05 06:48:55.382671+00:00,143.244.190.213,solv,Invalid user,auth_fail
2026-03-05 06:48:57.011549+00:00,143.244.190.213,solv,Failed password,auth_fail
2026-03-05 06:50:56.614859+00:00,143.244.190.213,solv,Invalid user,auth_fail
2026-03-05 06:50:58.858760+00:00,143.244.190.213,solv,Failed password,auth_fail
2026-03-05 06:57:11.831924+00:00,165.22.106.85,cisco,Invalid user,auth_fail
2026-03-05 06:57:13.553028+00:00,165.22.106.85,cisco,Failed password,auth_fail
2026-03-05 06:59:50.792766+00:00,165.22.106.85,cisco,Invalid user,auth_fail
2026-03-05 06:59:53.352326+00:00,165.22.106.85,cisco,Failed password,auth_fail
2026-03-05 07:02:22.783097+00:00,165.22.106.85,admin,Invalid user,auth_fail
2026-03-05 07:02:24.865891+00:00,165.22.106.85,admin,Failed password,auth_fail
2026-03-05 07:04:45.278187+00:00,178.128.165.87,validator,Invalid user,auth_fail
2026-03-05 07:04:47.197975+00:00,178.128.165.87,validator,Failed password,auth_fail
2026-03-05 07:06:55.875647+00:00,178.128.165.87,node,Invalid user,auth_fail
2026-03-05 07:06:57.309647+00:00,178.128.165.87,node,Failed password,auth_fail
2026-03-05 07:08:56.140420+00:00,178.128.165.87,operator,Invalid user,auth_fail
2026-03-05 07:08:57.849967+00:00,178.128.165.87,operator,Failed password,auth_fail
2026-03-05 07:10:53.775247+00:00,178.128.165.87,validator,Invalid user,auth_fail
2026-03-05 07:10:55.881938+00:00,178.128.165.87,validator,Failed password,auth_fail
2026-03-05 07:12:49.900082+00:00,178.128.165.87,validator,Invalid user,auth_fail
2026-03-05 07:12:51.931270+00:00,178.128.165.87,validator,Failed password,auth_fail
2026-03-05 07:14:40.910295+00:00,178.128.165.87,node,Invalid user,auth_fail
2026-03-05 07:14:42.845908+00:00,178.128.165.87,node,Failed password,auth_fail
2026-03-05 07:16:29.517515+00:00,178.128.165.87,validator,Invalid user,auth_fail
2026-03-05 07:16:32.082426+00:00,178.128.165.87,validator,Failed password,auth_fail
2026-03-05 07:18:13.634966+00:00,188.166.54.43,ubuntu,Invalid user,auth_fail
2026-03-05 07:18:15.808859+00:00,188.166.54.43,ubuntu,Failed password,auth_fail
2026-03-05 07:18:25.102775+00:00,178.128.165.87,node,Invalid user,auth_fail
2026-03-05 07:18:27.258889+00:00,178.128.165.87,node,Failed password,auth_fail
2026-03-05 07:20:23.950293+00:00,178.128.165.87,massa,Invalid user,auth_fail
2026-03-05 07:20:25.639989+00:00,178.128.165.87,massa,Failed password,auth_fail
2026-03-05 07:20:28.037409+00:00,217.154.69.208,admin,Invalid user,auth_fail
2026-03-05 07:20:30.058322+00:00,217.154.69.208,admin,Failed password,auth_fail
2026-03-05 07:21:08.349268+00:00,217.154.69.208,orangepi,Invalid user,auth_fail
2026-03-05 07:21:09.863129+00:00,217.154.69.208,orangepi,Failed password,auth_fail
2026-03-05 07:21:45.903807+00:00,217.154.69.208,root,Failed password,auth_fail
2026-03-05 07:22:20.194422+00:00,217.154.69.208,root,Failed password,auth_fail
2026-03-05 07:22:21.925062+00:00,178.128.165.87,node,Invalid user,auth_fail
2026-03-05 07:22:23.812631+00:00,178.128.165.87,node,Failed password,auth_fail
2026-03-05 07:22:56.216140+00:00,217.154.69.208,root,Failed password,auth_fail
2026-03-05 07:23:35.147037+00:00,217.154.69.208,root,Failed password,auth_fail
2026-03-05 07:24:12.887640+00:00,217.154.69.208,root,Failed password,auth_fail
2026-03-05 07:24:24.651305+00:00,178.128.165.87,nodeoperator,Invalid user,auth_fail
2026-03-05 07:24:27.093677+00:00,178.128.165.87,nodeoperator,Failed password,auth_fail
2026-03-05 07:24:51.379523+00:00,217.154.69.208,root,Failed password,auth_fail
2026-03-05 07:25:25.094839+00:00,217.154.69.208,test,Invalid user,auth_fail
2026-03-05 07:25:26.889757+00:00,217.154.69.208,test,Failed password,auth_fail
2026-03-05 07:25:59.881444+00:00,217.154.69.208,user,Invalid user,auth_fail
2026-03-05 07:26:02.343806+00:00,217.154.69.208,user,Failed password,auth_fail
2026-03-05 07:26:25.975872+00:00,178.128.165.87,daoperator,Invalid user,auth_fail
2026-03-05 07:26:27.695810+00:00,178.128.165.87,daoperator,Failed password,auth_fail
2026-03-05 07:26:39.655402+00:00,217.154.69.208,root,Failed password,auth_fail
2026-03-05 07:27:12.370015+00:00,217.154.69.208,admin,Invalid user,auth_fail
2026-03-05 07:27:14.521155+00:00,217.154.69.208,admin,Failed password,auth_fail
2026-03-05 07:27:50.162326+00:00,217.154.69.208,cirros,Invalid user,auth_fail
2026-03-05 07:27:52.197903+00:00,217.154.69.208,cirros,Failed password,auth_fail
2026-03-05 07:28:14.699859+00:00,178.128.165.87,aleo,Invalid user,auth_fail
2026-03-05 07:28:16.713037+00:00,178.128.165.87,aleo,Failed password,auth_fail
2026-03-05 07:28:30.309478+00:00,217.154.69.208,root,Failed password,auth_fail
2026-03-05 07:29:06.757199+00:00,217.154.69.208,root,Failed password,auth_fail
2026-03-05 07:29:41.539861+00:00,217.154.69.208,admin,Invalid user,auth_fail
2026-03-05 07:29:44.147521+00:00,217.154.69.208,admin,Failed password,auth_fail
2026-03-05 07:30:03.853157+00:00,188.166.49.241,sol,Invalid user,auth_fail
2026-03-05 07:30:05.831972+00:00,188.166.49.241,sol,Failed password,auth_fail
2026-03-05 07:30:06.888372+00:00,178.128.165.87,hubble,Invalid user,auth_fail
2026-03-05 07:30:09.280775+00:00,178.128.165.87,hubble,Failed password,auth_fail
2026-03-05 07:30:20.589099+00:00,217.154.69.208,root,Failed password,auth_fail
2026-03-05 07:30:56.154399+00:00,217.154.69.208,rpc,Invalid user,auth_fail
2026-03-05 07:30:58.054863+00:00,217.154.69.208,rpc,Failed password,auth_fail
2026-03-05 07:31:36.091690+00:00,217.154.69.208,root,Failed password,auth_fail
2026-03-05 07:32:05.520656+00:00,178.128.165.87,namada,Invalid user,auth_fail
2026-03-05 07:32:07.247605+00:00,178.128.165.87,namada,Failed password,auth_fail
2026-03-05 07:32:10.710889+00:00,188.166.49.241,sol,Invalid user,auth_fail
2026-03-05 07:32:12.789656+00:00,188.166.49.241,sol,Failed password,auth_fail
2026-03-05 07:32:16.446519+00:00,217.154.69.208,root,Failed password,auth_fail
2026-03-05 07:32:54.487047+00:00,217.154.69.208,root,Failed password,auth_fail
2026-03-05 07:33:28.046545+00:00,217.154.69.208,user1,Invalid user,auth_fail
2026-03-05 07:33:29.480439+00:00,217.154.69.208,user1,Failed password,auth_fail
2026-03-05 07:34:00.744536+00:00,178.128.165.87,pion,Invalid user,auth_fail
2026-03-05 07:34:02.925783+00:00,178.128.165.87,pion,Failed password,auth_fail
2026-03-05 07:34:04.878895+00:00,217.154.69.208,root,Failed password,auth_fail
2026-03-05 07:34:40.039719+00:00,217.154.69.208,root,Failed password,auth_fail
2026-03-05 07:35:16.332788+00:00,217.154.69.208,nobody,Failed password,auth_fail
2026-03-05 07:35:56.642923+00:00,178.128.165.87,story,Invalid user,auth_fail
2026-03-05 07:35:58.417199+00:00,178.128.165.87,story,Failed password,auth_fail
2026-03-05 07:36:10.323663+00:00,217.154.69.208,kali,Invalid user,auth_fail
2026-03-05 07:36:12.665516+00:00,217.154.69.208,kali,Failed password,auth_fail
2026-03-05 07:36:50.380774+00:00,217.154.69.208,linaro,Invalid user,auth_fail
2026-03-05 07:36:52.215574+00:00,217.154.69.208,linaro,Failed password,auth_fail
2026-03-05 07:37:05.972058+00:00,212.125.4.212,vm_user,Accepted password,success
2026-03-05 07:37:27.788389+00:00,217.154.69.208,root,Failed password,auth_fail
2026-03-05 07:38:03.455328+00:00,178.128.165.87,vpn,Invalid user,auth_fail
2026-03-05 07:38:05.174399+00:00,217.154.69.208,root,Failed password,auth_fail
2026-03-05 07:38:05.330006+00:00,178.128.165.87,vpn,Failed password,auth_fail
2026-03-05 07:38:45.766051+00:00,217.154.69.208,root,Failed password,auth_fail
2026-03-05 07:39:20.205281+00:00,217.154.69.208,root,Failed password,auth_fail
2026-03-05 07:40:03.359507+00:00,217.154.69.208,root,Failed password,auth_fail
2026-03-05 07:40:04.486657+00:00,178.128.165.87,xray,Invalid user,auth_fail
2026-03-05 07:40:06.306803+00:00,178.128.165.87,xray,Failed password,auth_fail
2026-03-05 07:40:42.230121+00:00,217.154.69.208,root,Failed password,auth_fail
2026-03-05 07:40:50.107839+00:00,212.125.4.212,vm_user,Disconnected,normal_logout
2026-03-05 07:40:57.062878+00:00,212.125.4.212,vm_user,Accepted password,success
2026-03-05 07:41:15.194260+00:00,217.154.69.208,admin,Invalid user,auth_fail
2026-03-05 07:41:17.410209+00:00,217.154.69.208,admin,Failed password,auth_fail
2026-03-05 07:41:53.948859+00:00,217.154.69.208,root,Failed password,auth_fail
2026-03-05 07:41:59.797487+00:00,178.128.165.87,viper,Invalid user,auth_fail
2026-03-05 07:42:01.405650+00:00,178.128.165.87,viper,Failed password,auth_fail
2026-03-05 07:42:30.081049+00:00,212.125.4.212,vm_user,Disconnected,normal_logout
2026-03-05 07:42:30.378838+00:00,217.154.69.208,root,Failed password,auth_fail
2026-03-05 07:42:46.287452+00:00,212.125.4.212,test,Failed password,auth_fail
2026-03-05 07:43:00.124814+00:00,212.125.4.212,vm_user,Accepted password,success
2026-03-05 07:43:07.282350+00:00,217.154.69.208,root,Failed password,auth_fail
2026-03-05 07:43:49.116200+00:00,217.154.69.208,root,Failed password,auth_fail
2026-03-05 07:43:55.855744+00:00,178.128.165.87,liquidator,Invalid user,auth_fail
2026-03-05 07:43:58.057226+00:00,178.128.165.87,liquidator,Failed password,auth_fail
2026-03-05 07:44:18.115801+00:00,212.125.4.212,vm_user,Disconnected,normal_logout
2026-03-05 07:44:21.693428+00:00,212.125.4.212,test,Accepted password,success
2026-03-05 07:44:21.788075+00:00,217.154.69.208,admin,Invalid user,auth_fail
2026-03-05 07:44:23.869791+00:00,217.154.69.208,admin,Failed password,auth_fail
2026-03-05 07:44:57.538557+00:00,217.154.69.208,user,Invalid user,auth_fail
2026-03-05 07:44:59.563886+00:00,217.154.69.208,user,Failed password,auth_fail
2026-03-05 07:45:38.606705+00:00,217.154.69.208,root,Failed password,auth_fail
2026-03-05 07:45:52.757985+00:00,178.128.165.87,liquidity,Invalid user,auth_fail
2026-03-05 07:45:54.688095+00:00,178.128.165.87,liquidity,Failed password,auth_fail
2026-03-05 07:46:14.679413+00:00,217.154.69.208,root,Failed password,auth_fail
2026-03-05 07:46:47.702559+00:00,217.154.69.208,admin,Invalid user,auth_fail
2026-03-05 07:46:49.828352+00:00,217.154.69.208,admin,Failed password,auth_fail
2026-03-05 07:47:25.868346+00:00,217.154.69.208,root,Failed password,auth_fail
2026-03-05 07:47:45.642594+00:00,178.128.165.87,tfsc,Invalid user,auth_fail
2026-03-05 07:47:47.415103+00:00,178.128.165.87,tfsc,Failed password,auth_fail
2026-03-05 07:47:51.867736+00:00,212.125.4.212,test,Disconnected,normal_logout
2026-03-05 07:47:55.039244+00:00,212.125.4.212,test,Accepted password,success
2026-03-05 07:48:03.947673+00:00,217.154.69.208,root,Failed password,auth_fail
2026-03-05 07:48:37.891506+00:00,217.154.69.208,postgres,Invalid user,auth_fail
2026-03-05 07:48:39.786169+00:00,217.154.69.208,postgres,Failed password,auth_fail
2026-03-05 07:49:17.831486+00:00,217.154.69.208,root,Failed password,auth_fail
2026-03-05 07:49:42.933897+00:00,178.128.165.87,tfsc,Invalid user,auth_fail
2026-03-05 07:49:44.532594+00:00,35.189.255.16,admin,Invalid user,auth_fail
2026-03-05 07:49:45.104418+00:00,178.128.165.87,tfsc,Failed password,auth_fail
2026-03-05 07:49:46.974736+00:00,35.189.255.16,admin,Failed password,auth_fail
2026-03-05 07:49:53.799753+00:00,217.154.69.208,root,Failed password,auth_fail
2026-03-05 07:49:54.413207+00:00,178.62.207.223,cisco,Invalid user,auth_fail
2026-03-05 07:49:56.562138+00:00,178.62.207.223,cisco,Failed password,auth_fail
2026-03-05 07:50:27.578267+00:00,217.154.69.208,openhabian,Invalid user,auth_fail
2026-03-05 07:50:29.573450+00:00,217.154.69.208,openhabian,Failed password,auth_fail
2026-03-05 07:51:06.492389+00:00,217.154.69.208,root,Failed password,auth_fail
2026-03-05 07:51:39.937928+00:00,217.154.69.208,sshadmin,Invalid user,auth_fail
2026-03-05 07:51:42.149183+00:00,217.154.69.208,sshadmin,Failed password,auth_fail
2026-03-05 07:51:43.606569+00:00,178.128.165.87,network3,Invalid user,auth_fail
2026-03-05 07:51:45.055225+00:00,178.128.165.87,network3,Failed password,auth_fail
2026-03-05 07:52:07.407976+00:00,178.62.207.223,cisco,Invalid user,auth_fail
2026-03-05 07:52:09.149924+00:00,178.62.207.223,cisco,Failed password,auth_fail
2026-03-05 07:52:18.127836+00:00,217.154.69.208,root,Failed password,auth_fail
2026-03-05 07:52:56.296270+00:00,217.154.69.208,frappe,Invalid user,auth_fail
2026-03-05 07:52:57.744729+00:00,217.154.69.208,frappe,Failed password,auth_fail
2026-03-05 07:53:41.627413+00:00,178.128.165.87,network3,Invalid user,auth_fail
2026-03-05 07:53:43.608397+00:00,178.128.165.87,network3,Failed password,auth_fail
2026-03-05 07:54:10.383726+00:00,178.62.207.223,admin,Invalid user,auth_fail
2026-03-05 07:54:12.678243+00:00,178.62.207.223,admin,Failed password,auth_fail
2026-03-05 07:55:41.552965+00:00,178.128.165.87,optimism,Invalid user,auth_fail
2026-03-05 07:55:43.671814+00:00,178.128.165.87,optimism,Failed password,auth_fail
2026-03-05 07:57:45.236127+00:00,178.128.165.87,gnome,Invalid user,auth_fail
2026-03-05 07:57:47.713443+00:00,178.128.165.87,gnome,Failed password,auth_fail
2026-03-05 07:59:02.037482+00:00,212.125.4.212,vm_user,Accepted password,success
2026-03-05 07:59:03.235727+00:00,212.125.4.212,vm_user,Disconnected,normal_logout
2026-03-05 07:59:38.446472+00:00,178.128.165.87,aleonode,Invalid user,auth_fail
2026-03-05 07:59:40.437028+00:00,178.128.165.87,aleonode,Failed password,auth_fail
2026-03-05 08:01:32.852074+00:00,178.128.165.87,grafana,Invalid user,auth_fail
2026-03-05 08:01:34.491564+00:00,178.128.165.87,grafana,Failed password,auth_fail
2026-03-05 08:03:32.059094+00:00,178.128.165.87,snarkOS,Invalid user,auth_fail
2026-03-05 08:03:34.174047+00:00,178.128.165.87,snarkOS,Failed password,auth_fail
2026-03-05 08:05:12.879645+00:00,157.245.193.43,ubuntu,Invalid user,auth_fail
2026-03-05 08:05:14.321156+00:00,157.245.193.43,ubuntu,Failed password,auth_fail
2026-03-05 08:05:26.893761+00:00,178.128.165.87,snark,Invalid user,auth_fail
2026-03-05 08:05:28.656278+00:00,178.128.165.87,snark,Failed password,auth_fail
2026-03-05 08:07:02.918140+00:00,80.94.92.168,solana,Invalid user,auth_fail
2026-03-05 08:07:04.564824+00:00,80.94.92.168,solana,Failed password,auth_fail
2026-03-05 08:07:22.646075+00:00,178.128.165.87,sync,Failed password,auth_fail
2026-03-05 08:07:51.241713+00:00,157.245.193.43,sol,Invalid user,auth_fail
2026-03-05 08:07:53.038531+00:00,157.245.193.43,sol,Failed password,auth_fail
2026-03-05 08:09:26.758259+00:00,178.128.165.87,snarkos,Invalid user,auth_fail
2026-03-05 08:09:28.804155+00:00,178.128.165.87,snarkos,Failed password,auth_fail
2026-03-05 08:11:32.927544+00:00,178.128.165.87,snarkOS,Invalid user,auth_fail
2026-03-05 08:11:35.269451+00:00,178.128.165.87,snarkOS,Failed password,auth_fail
2026-03-05 08:13:32.895555+00:00,178.128.165.87,snarkOS,Invalid user,auth_fail
2026-03-05 08:13:34.709647+00:00,178.128.165.87,snarkOS,Failed password,auth_fail
2026-03-05 08:15:35.038519+00:00,178.128.165.87,validator,Invalid user,auth_fail
2026-03-05 08:15:37.072332+00:00,178.128.165.87,validator,Failed password,auth_fail
2026-03-05 08:17:34.311792+00:00,178.128.165.87,validator,Invalid user,auth_fail
2026-03-05 08:17:36.684161+00:00,178.128.165.87,validator,Failed password,auth_fail
2026-03-05 08:19:26.047697+00:00,178.128.165.87,node,Invalid user,auth_fail
2026-03-05 08:19:27.461751+00:00,178.128.165.87,node,Failed password,auth_fail
2026-03-05 08:21:24.455989+00:00,178.128.165.87,root,Failed password,auth_fail
2026-03-05 08:23:23.495457+00:00,178.128.165.87,user,Invalid user,auth_fail
2026-03-05 08:23:25.780221+00:00,178.128.165.87,user,Failed password,auth_fail
2026-03-05 08:25:15.898612+00:00,159.223.45.78,ubuntu,Invalid user,auth_fail
2026-03-05 08:25:18.179609+00:00,159.223.45.78,ubuntu,Failed password,auth_fail
2026-03-05 08:25:24.561068+00:00,178.128.165.87,ubuntu,Invalid user,auth_fail
2026-03-05 08:25:26.125227+00:00,178.128.165.87,ubuntu,Failed password,auth_fail
2026-03-05 08:27:28.016110+00:00,178.128.165.87,debian,Invalid user,auth_fail
2026-03-05 08:27:30.601862+00:00,178.128.165.87,debian,Failed password,auth_fail
2026-03-05 08:27:59.668704+00:00,159.223.45.78,solana,Invalid user,auth_fail
2026-03-05 08:28:01.984274+00:00,159.223.45.78,solana,Failed password,auth_fail
2026-03-05 08:29:34.393914+00:00,178.128.165.87,polkadot,Invalid user,auth_fail
2026-03-05 08:29:36.278187+00:00,178.128.165.87,polkadot,Failed password,auth_fail
2026-03-05 08:31:31.389998+00:00,178.128.165.87,taiko,Invalid user,auth_fail
2026-03-05 08:31:33.334789+00:00,178.128.165.87,taiko,Failed password,auth_fail
2026-03-05 08:33:25.449388+00:00,178.128.165.87,shardeum,Invalid user,auth_fail
2026-03-05 08:33:27.040729+00:00,178.128.165.87,shardeum,Failed password,auth_fail
2026-03-05 08:35:25.945895+00:00,178.128.165.87,ethdocker,Invalid user,auth_fail
2026-03-05 08:35:27.680484+00:00,178.128.165.87,ethdocker,Failed password,auth_fail
2026-03-05 08:36:27.365507+00:00,165.232.68.252,,Invalid user,auth_fail
2026-03-05 08:37:22.471942+00:00,178.128.165.87,taikonode,Invalid user,auth_fail
2026-03-05 08:37:24.271228+00:00,178.128.165.87,taikonode,Failed password,auth_fail
2026-03-05 08:39:18.603793+00:00,178.128.165.87,taiko,Invalid user,auth_fail
2026-03-05 08:39:20.659346+00:00,178.128.165.87,taiko,Failed password,auth_fail
2026-03-05 08:41:25.051421+00:00,178.128.165.87,validator,Invalid user,auth_fail
2026-03-05 08:41:26.876140+00:00,178.128.165.87,validator,Failed password,auth_fail
2026-03-05 08:43:31.749623+00:00,178.128.165.87,root,Failed password,auth_fail
2026-03-05 08:45:31.675590+00:00,178.128.165.87,root,Failed password,auth_fail
