timestamp,source_ip,username,event_type,status,score,alert
2026-02-22 06:37:21.703422+00:00,74.136.39.50,a,Failed password,auth_fail,0.2426,True
2026-02-22 08:44:42.597593+00:00,120.48.22.219,admin,Failed password,auth_fail,0.2426,True
2026-02-22 11:23:58.660721+00:00,74.136.43.58,a,Failed password,auth_fail,0.2426,True
2026-02-22 13:50:00.030441+00:00,170.64.182.244,,Failed password,auth_fail,0.2426,True
2026-02-22 15:57:59.308668+00:00,98.80.4.17,,Failed password,auth_fail,0.2426,True
2026-02-22 21:30:04.219250+00:00,170.64.184.122,admin,Failed password,auth_fail,0.2426,True
2026-02-22 21:30:35.926045+00:00,170.64.184.122,admin,Failed password,auth_fail,0.9999,True
2026-02-22 21:31:08.136657+00:00,170.64.184.122,admin,Failed password,auth_fail,1.0,True
2026-02-22 21:31:40.077085+00:00,170.64.184.122,admin,Failed password,auth_fail,1.0,True
2026-02-22 21:32:11.956337+00:00,170.64.184.122,admin,Failed password,auth_fail,1.0,True
2026-02-22 21:32:44.043949+00:00,170.64.184.122,admin,Failed password,auth_fail,1.0,True
2026-02-22 21:33:15.054708+00:00,170.64.184.122,admin,Failed password,auth_fail,1.0,True
2026-02-22 21:33:45.796955+00:00,170.64.184.122,admin,Failed password,auth_fail,1.0,True
2026-02-22 21:34:16.450299+00:00,170.64.184.122,admin,Failed password,auth_fail,1.0,True
2026-02-22 21:35:06.617223+00:00,170.64.184.122,admin,Failed password,auth_fail,1.0,True
2026-02-22 21:35:50.509945+00:00,170.64.184.122,admin,Failed password,auth_fail,1.0,True
2026-02-23 07:14:26.856620+00:00,165.245.131.115,postgres,Failed password,auth_fail,0.2426,True
2026-02-23 07:14:53.595498+00:00,165.245.131.115,oracle,Failed password,auth_fail,0.9999,True
2026-02-23 14:51:04.358846+00:00,161.35.217.131,test1,Failed password,auth_fail,0.2426,True
2026-02-23 14:51:46.723428+00:00,161.35.217.131,test2,Failed password,auth_fail,0.9999,True
2026-02-23 14:52:30.900994+00:00,161.35.217.131,test3,Failed password,auth_fail,1.0,True
2026-02-23 19:07:47.029770+00:00,209.38.93.58,,Failed password,auth_fail,0.2426,True
2026-02-23 21:25:38.326554+00:00,83.135.56.114,a,Failed password,auth_fail,0.2426,True
2026-02-24 04:30:37.190033+00:00,79.238.117.177,a,Failed password,auth_fail,0.2426,True
2026-02-24 14:34:09.110862+00:00,64.227.148.43,pi,Failed password,auth_fail,0.2426,True
2026-02-24 22:09:09.793028+00:00,167.71.40.179,vyos,Failed password,auth_fail,0.2426,True
2026-02-24 22:11:25.317037+00:00,167.71.40.179,mapr,Failed password,auth_fail,0.329,True
2026-02-25 02:23:03.662423+00:00,101.206.107.245,a,Failed password,auth_fail,0.2426,True
2026-02-25 12:41:33.403365+00:00,138.68.67.16,,Failed password,auth_fail,0.2426,True
2026-02-25 12:51:31.682603+00:00,101.206.107.245,a,Failed password,auth_fail,0.2426,True
2026-02-25 15:59:04.059391+00:00,139.19.117.131,admin,Failed password,auth_fail,0.2426,True
2026-02-25 20:57:30.069475+00:00,139.19.117.131,admin,Failed password,auth_fail,0.2426,True
2026-02-25 22:52:25.977666+00:00,139.19.117.131,admin,Failed password,auth_fail,0.2426,True
2026-02-26 03:51:42.782395+00:00,139.19.117.131,admin,Failed password,auth_fail,0.2426,True
2026-02-26 04:20:34.234814+00:00,34.84.162.177,root,Disconnected,normal_logout,0.2426,True
2026-02-26 05:51:09.763606+00:00,139.19.117.131,admin,Failed password,auth_fail,0.2426,True
2026-02-26 10:25:05.442970+00:00,101.206.107.245,a,Failed password,auth_fail,0.2426,True
2026-02-26 12:32:52.816254+00:00,101.36.127.50,admin,Failed password,auth_fail,0.2426,True
2026-02-26 12:33:24.162443+00:00,101.36.127.50,orangepi,Failed password,auth_fail,0.9999,True
2026-02-26 12:37:02.783015+00:00,101.36.127.50,test,Failed password,auth_fail,0.9342,True
2026-02-26 12:37:34.048821+00:00,101.36.127.50,user,Failed password,auth_fail,1.0,True
2026-02-26 12:38:36.549739+00:00,101.36.127.50,admin,Failed password,auth_fail,0.9342,True
2026-02-26 12:39:07.714654+00:00,101.36.127.50,cirros,Failed password,auth_fail,1.0,True
2026-02-26 12:40:41.313312+00:00,101.36.127.50,admin,Failed password,auth_fail,0.9342,True
2026-02-26 12:41:43.749557+00:00,101.36.127.50,rpc,Failed password,auth_fail,0.9527,True
2026-02-26 12:43:48.654872+00:00,101.36.127.50,user1,Failed password,auth_fail,0.9342,True
2026-02-26 12:45:53.638844+00:00,101.36.127.50,kali,Failed password,auth_fail,0.9342,True
2026-02-26 12:46:24.757406+00:00,101.36.127.50,linaro,Failed password,auth_fail,1.0,True
2026-02-26 12:50:03.679688+00:00,101.36.127.50,admin,Failed password,auth_fail,0.9342,True
2026-02-26 12:52:40.048853+00:00,101.36.127.50,admin,Failed password,auth_fail,0.329,True
2026-02-26 12:53:11.252502+00:00,101.36.127.50,user,Failed password,auth_fail,1.0,True
2026-02-26 12:54:44.885639+00:00,101.36.127.50,admin,Failed password,auth_fail,0.9342,True
2026-02-26 12:56:19.002672+00:00,101.36.127.50,postgres,Failed password,auth_fail,0.9342,True
2026-02-26 12:57:52.951216+00:00,101.36.127.50,openhabian,Failed password,auth_fail,0.9342,True
2026-02-26 12:58:56.078584+00:00,101.36.127.50,sshadmin,Failed password,auth_fail,0.9342,True
2026-02-26 12:59:58.611593+00:00,101.36.127.50,frappe,Failed password,auth_fail,0.9342,True
2026-02-26 13:00:30.011544+00:00,101.36.127.50,huawei,Failed password,auth_fail,1.0,True
2026-02-26 13:01:32.717298+00:00,101.36.127.50,vyos,Failed password,auth_fail,0.9527,True
2026-02-26 13:03:06.904582+00:00,101.36.127.50,admin,Failed password,auth_fail,0.9527,True
2026-02-26 13:03:38.151821+00:00,101.36.127.50,p,Failed password,auth_fail,1.0,True
2026-02-26 13:04:42.446769+00:00,101.36.127.50,public,Failed password,auth_fail,0.9527,True
2026-02-26 13:05:14.257476+00:00,101.36.127.50,debian,Failed password,auth_fail,1.0,True
2026-02-26 13:06:17.937477+00:00,101.36.127.50,steam,Failed password,auth_fail,0.9527,True
2026-02-26 13:11:02.083580+00:00,101.36.127.50,nvidia,Failed password,auth_fail,0.329,True
2026-02-26 13:12:05.375310+00:00,101.36.127.50,admin,Failed password,auth_fail,0.329,True
2026-02-26 13:13:40.328154+00:00,101.36.127.50,test,Failed password,auth_fail,0.9342,True
2026-02-26 13:15:14.837854+00:00,101.36.127.50,guest,Failed password,auth_fail,0.9342,True
2026-02-26 13:16:18.578358+00:00,101.36.127.50,admin,Failed password,auth_fail,0.9342,True
2026-02-26 13:17:54.429837+00:00,101.36.127.50,demo,Failed password,auth_fail,0.9342,True
2026-02-26 13:22:10.458192+00:00,101.36.127.50,vpn,Failed password,auth_fail,0.329,True
2026-02-26 13:23:13.567697+00:00,101.36.127.50,deploy,Failed password,auth_fail,0.329,True
2026-02-26 13:26:24.397131+00:00,101.36.127.50,admin,Failed password,auth_fail,0.9342,True
2026-02-26 13:26:56.104755+00:00,101.36.127.50,alan,Failed password,auth_fail,1.0,True
2026-02-26 13:27:27.773339+00:00,101.36.127.50,admin,Failed password,auth_fail,1.0,True
2026-02-26 13:29:37.594179+00:00,101.36.127.50,username,Failed password,auth_fail,0.9342,True
2026-02-26 13:32:16.536384+00:00,101.36.127.50,rema,Failed password,auth_fail,0.9342,True
2026-02-26 13:33:51.548157+00:00,101.36.127.50,test,Failed password,auth_fail,0.9342,True
2026-02-26 13:34:23.738513+00:00,101.36.127.50,odroid,Failed password,auth_fail,1.0,True
2026-02-26 13:34:55.739038+00:00,101.36.127.50,ftpuser,Failed password,auth_fail,1.0,True
2026-02-26 13:35:59.549117+00:00,101.36.127.50,ftpuser,Failed password,auth_fail,0.9342,True
2026-02-26 13:37:35.389279+00:00,101.36.127.50,oracle,Failed password,auth_fail,0.9342,True
2026-02-26 13:39:11.172360+00:00,101.36.127.50,aaa,Failed password,auth_fail,0.9342,True
2026-02-26 13:39:43.299762+00:00,101.36.127.50,debian,Failed password,auth_fail,1.0,True
2026-02-26 13:40:15.692047+00:00,101.36.127.50,user,Failed password,auth_fail,1.0,True
2026-02-26 13:41:21.008379+00:00,101.36.127.50,vagrant,Failed password,auth_fail,0.9527,True
2026-02-26 13:44:07.377322+00:00,101.36.127.50,test,Failed password,auth_fail,0.9527,True
2026-02-26 13:45:43.590454+00:00,101.36.127.50,debian,Failed password,auth_fail,0.9342,True
2026-02-26 13:46:47.958553+00:00,101.36.127.50,admin,Failed password,auth_fail,0.9342,True
2026-02-26 13:51:09.561012+00:00,101.36.127.50,ansible,Failed password,auth_fail,0.329,True
2026-02-26 13:54:23.398314+00:00,101.36.127.50,testuser,Failed password,auth_fail,0.329,True
2026-02-26 13:56:02.321751+00:00,101.36.127.50,test1,Failed password,auth_fail,0.9342,True
2026-02-26 13:57:38.834664+00:00,101.36.127.50,ali,Failed password,auth_fail,0.9342,True
2026-02-26 13:58:45.133714+00:00,101.36.127.50,teste,Failed password,auth_fail,0.9342,True
2026-02-26 13:59:18.501080+00:00,101.36.127.50,admin,Failed password,auth_fail,1.0,True
2026-02-26 14:00:23.739565+00:00,101.36.127.50,user,Failed password,auth_fail,0.9527,True
2026-02-26 14:01:31.446227+00:00,101.36.127.50,pi,Failed password,auth_fail,0.9527,True
2026-02-26 14:02:05.007676+00:00,101.36.127.50,httpadmin,Failed password,auth_fail,1.0,True
2026-02-26 14:02:38.806371+00:00,101.36.127.50,admin,Failed password,auth_fail,1.0,True
2026-02-26 14:03:13.227807+00:00,101.36.127.50,teamspeak,Failed password,auth_fail,1.0,True
2026-02-26 14:07:39.703601+00:00,101.36.127.50,admin,Failed password,auth_fail,0.329,True
2026-02-26 14:08:12.348823+00:00,101.36.127.50,admin,Failed password,auth_fail,1.0,True
2026-02-26 14:11:35.083381+00:00,101.36.127.50,pi,Failed password,auth_fail,0.9342,True
2026-02-26 14:12:08.390374+00:00,101.36.127.50,admin,Failed password,auth_fail,1.0,True
2026-02-26 14:12:42.210991+00:00,101.36.127.50,user,Failed password,auth_fail,1.0,True
2026-02-26 14:13:16.107333+00:00,101.36.127.50,server,Failed password,auth_fail,1.0,True
2026-02-26 14:17:17.056771+00:00,101.36.127.50,ftp,Failed password,auth_fail,0.9342,True
2026-02-26 14:19:32.450321+00:00,101.36.127.50,minecraft,Failed password,auth_fail,0.329,True
2026-02-26 14:20:07.201054+00:00,101.36.127.50,huawei,Failed password,auth_fail,1.0,True
2026-02-26 14:20:41.852663+00:00,101.36.127.50,student,Failed password,auth_fail,1.0,True
2026-02-26 14:24:46.291056+00:00,101.36.127.50,test,Failed password,auth_fail,0.9342,True
2026-02-26 14:28:19.915014+00:00,101.36.127.50,test,Failed password,auth_fail,0.329,True
2026-02-26 14:28:54.441193+00:00,101.36.127.50,test,Failed password,auth_fail,1.0,True
2026-02-26 14:30:41.361459+00:00,101.36.127.50,postgres,Failed password,auth_fail,0.9342,True
2026-02-26 14:31:18.962292+00:00,101.36.127.50,jenkins,Failed password,auth_fail,1.0,True
2026-02-26 14:35:30.183561+00:00,101.36.127.50,test2,Failed password,auth_fail,0.9342,True
2026-02-26 14:36:41.856777+00:00,106.37.176.158,user,Failed password,auth_fail,0.2426,True
2026-02-26 14:36:42.833520+00:00,106.37.176.158,user,Failed password,auth_fail,0.9999,True
2026-02-26 14:36:44.537095+00:00,106.37.176.158,user,Failed password,auth_fail,1.0,True
2026-02-26 14:36:46.252342+00:00,106.37.176.158,user,Failed password,auth_fail,1.0,True
2026-02-26 14:36:50.499807+00:00,106.37.176.158,user,Failed password,auth_fail,1.0,True
2026-02-26 14:36:51.431879+00:00,106.37.176.158,user,Failed password,auth_fail,1.0,True
2026-02-26 14:36:53.420797+00:00,106.37.176.158,user,Failed password,auth_fail,1.0,True
2026-02-26 14:36:54.296931+00:00,106.37.176.158,user,Failed password,auth_fail,1.0,True
2026-02-26 14:36:55.169623+00:00,106.37.176.158,user,Failed password,auth_fail,1.0,True
2026-02-26 14:36:56.051350+00:00,106.37.176.158,user,Failed password,auth_fail,1.0,True
2026-02-26 14:36:56.930009+00:00,106.37.176.158,user,Failed password,auth_fail,1.0,True
2026-02-26 14:36:59.887646+00:00,106.37.176.158,user,Failed password,auth_fail,1.0,True
2026-02-26 14:37:00.883643+00:00,106.37.176.158,user,Failed password,auth_fail,1.0,True
2026-02-26 14:37:03.826810+00:00,106.37.176.158,user,Failed password,auth_fail,1.0,True
2026-02-26 14:37:04.801303+00:00,106.37.176.158,user,Failed password,auth_fail,1.0,True
2026-02-26 14:37:07.530493+00:00,106.37.176.158,user,Failed password,auth_fail,1.0,True
2026-02-26 14:37:09.906749+00:00,106.37.176.158,user,Failed password,auth_fail,1.0,True
2026-02-26 14:37:13.826363+00:00,106.37.176.158,user,Failed password,auth_fail,1.0,True
2026-02-26 14:37:15.171441+00:00,106.37.176.158,user,Failed password,auth_fail,1.0,True
2026-02-26 14:37:19.818925+00:00,106.37.176.158,user,Failed password,auth_fail,1.0,True
2026-02-26 14:37:20.704563+00:00,106.37.176.158,user,Failed password,auth_fail,1.0,True
2026-02-26 14:37:22.069837+00:00,106.37.176.158,user,Failed password,auth_fail,1.0,True
2026-02-26 14:37:23.970867+00:00,106.37.176.158,user,Failed password,auth_fail,1.0,True
2026-02-26 14:37:24.846296+00:00,106.37.176.158,user,Failed password,auth_fail,1.0,True
2026-02-26 14:37:26.249680+00:00,106.37.176.158,user,Failed password,auth_fail,1.0,True
2026-02-26 14:37:27.222610+00:00,106.37.176.158,user,Failed password,auth_fail,1.0,True
2026-02-26 14:37:28.110332+00:00,106.37.176.158,user,Failed password,auth_fail,1.0,True
2026-02-26 14:37:29.086378+00:00,106.37.176.158,user,Failed password,auth_fail,1.0,True
2026-02-26 14:37:29.968144+00:00,106.37.176.158,user,Failed password,auth_fail,1.0,True
2026-02-26 14:37:31.893871+00:00,106.37.176.158,user,Failed password,auth_fail,1.0,True
2026-02-26 14:37:33.727376+00:00,106.37.176.158,user,Failed password,auth_fail,1.0,True
2026-02-26 14:37:35.254634+00:00,106.37.176.158,user,Failed password,auth_fail,1.0,True
2026-02-26 14:37:36.222070+00:00,106.37.176.158,user,Failed password,auth_fail,1.0,True
2026-02-26 14:37:37.096916+00:00,106.37.176.158,user,Failed password,auth_fail,1.0,True
2026-02-26 14:37:38.739061+00:00,106.37.176.158,user,Failed password,auth_fail,1.0,True
2026-02-26 14:37:39.666687+00:00,106.37.176.158,user,Failed password,auth_fail,1.0,True
2026-02-26 14:37:41.558377+00:00,106.37.176.158,user,Failed password,auth_fail,1.0,True
2026-02-26 14:37:44.132066+00:00,106.37.176.158,user,Failed password,auth_fail,1.0,True
2026-02-26 14:37:45.026732+00:00,106.37.176.158,user,Failed password,auth_fail,1.0,True
2026-02-26 14:37:46.006600+00:00,106.37.176.158,user,Failed password,auth_fail,1.0,True
2026-02-26 14:37:48.331006+00:00,106.37.176.158,user,Failed password,auth_fail,1.0,True
2026-02-26 14:37:50.767750+00:00,106.37.176.158,user,Failed password,auth_fail,1.0,True
2026-02-26 14:37:52.137699+00:00,106.37.176.158,user,Failed password,auth_fail,1.0,True
2026-02-26 14:37:53.115267+00:00,106.37.176.158,user,Failed password,auth_fail,1.0,True
2026-02-26 14:37:54.466269+00:00,106.37.176.158,user,Failed password,auth_fail,1.0,True
2026-02-26 14:37:55.914743+00:00,106.37.176.158,user,Failed password,auth_fail,1.0,True
2026-02-26 14:37:58.515623+00:00,106.37.176.158,user,Failed password,auth_fail,1.0,True
2026-02-26 14:37:59.401383+00:00,106.37.176.158,user,Failed password,auth_fail,1.0,True
2026-02-26 14:38:00.424763+00:00,106.37.176.158,user,Failed password,auth_fail,1.0,True
2026-02-26 14:38:01.864890+00:00,106.37.176.158,user,Failed password,auth_fail,1.0,True
2026-02-26 14:38:02.838467+00:00,106.37.176.158,user,Failed password,auth_fail,1.0,True
2026-02-26 14:38:05.885157+00:00,106.37.176.158,user,Failed password,auth_fail,1.0,True
2026-02-26 14:38:06.861728+00:00,106.37.176.158,user,Failed password,auth_fail,1.0,True
2026-02-26 14:38:09.224570+00:00,106.37.176.158,user,Failed password,auth_fail,1.0,True
2026-02-26 14:38:10.534332+00:00,106.37.176.158,user,Failed password,auth_fail,1.0,True
2026-02-26 14:38:11.520009+00:00,106.37.176.158,user,Failed password,auth_fail,1.0,True
2026-02-26 14:38:13.282607+00:00,106.37.176.158,user,Failed password,auth_fail,1.0,True
2026-02-26 14:38:14.259669+00:00,106.37.176.158,user,Failed password,auth_fail,1.0,True
2026-02-26 14:38:15.855035+00:00,106.37.176.158,user,Failed password,auth_fail,1.0,True
2026-02-26 14:38:17.823862+00:00,106.37.176.158,user,Failed password,auth_fail,1.0,True
2026-02-26 14:38:18.727097+00:00,106.37.176.158,user,Failed password,auth_fail,1.0,True
2026-02-26 14:38:20.178587+00:00,106.37.176.158,user,Failed password,auth_fail,1.0,True
2026-02-26 14:38:22.155403+00:00,106.37.176.158,user,Failed password,auth_fail,1.0,True
2026-02-26 14:38:23.439148+00:00,106.37.176.158,user,Failed password,auth_fail,1.0,True
2026-02-26 14:38:25.256040+00:00,106.37.176.158,user,Failed password,auth_fail,1.0,True
2026-02-26 14:38:26.808584+00:00,106.37.176.158,user,Failed password,auth_fail,1.0,True
2026-02-26 14:38:28.821210+00:00,106.37.176.158,user,Failed password,auth_fail,1.0,True
2026-02-26 14:38:30.364609+00:00,106.37.176.158,user,Failed password,auth_fail,1.0,True
2026-02-26 14:38:32.202610+00:00,106.37.176.158,user,Failed password,auth_fail,1.0,True
2026-02-26 14:38:34.917928+00:00,106.37.176.158,user,Failed password,auth_fail,1.0,True
2026-02-26 14:38:36.892660+00:00,106.37.176.158,user,Failed password,auth_fail,1.0,True
2026-02-26 14:38:41.323788+00:00,106.37.176.158,user,Failed password,auth_fail,1.0,True
2026-02-26 14:38:42.448845+00:00,106.37.176.158,user,Failed password,auth_fail,1.0,True
2026-02-26 14:38:43.835200+00:00,106.37.176.158,user,Failed password,auth_fail,1.0,True
2026-02-26 14:38:45.863047+00:00,106.37.176.158,user,Failed password,auth_fail,1.0,True
2026-02-26 14:38:48.364161+00:00,106.37.176.158,user,Failed password,auth_fail,1.0,True
2026-02-26 14:38:49.301431+00:00,106.37.176.158,user,Failed password,auth_fail,1.0,True
2026-02-26 14:38:50.191047+00:00,106.37.176.158,user,Failed password,auth_fail,1.0,True
2026-02-26 14:38:51.076504+00:00,106.37.176.158,user,Failed password,auth_fail,1.0,True
2026-02-26 14:38:52.628532+00:00,106.37.176.158,user,Failed password,auth_fail,1.0,True
2026-02-26 14:38:54.361999+00:00,106.37.176.158,user,Failed password,auth_fail,1.0,True
2026-02-26 14:38:55.330120+00:00,106.37.176.158,user,Failed password,auth_fail,1.0,True
2026-02-26 14:38:56.210597+00:00,106.37.176.158,user,Failed password,auth_fail,1.0,True
2026-02-26 14:38:57.174402+00:00,106.37.176.158,user,Failed password,auth_fail,1.0,True
2026-02-26 14:38:58.634803+00:00,106.37.176.158,user,Failed password,auth_fail,1.0,True
2026-02-26 14:39:00.363249+00:00,106.37.176.158,user,Failed password,auth_fail,1.0,True
2026-02-26 14:39:01.651293+00:00,106.37.176.158,user,Failed password,auth_fail,1.0,True
2026-02-26 14:39:03.379859+00:00,106.37.176.158,user,Failed password,auth_fail,1.0,True
2026-02-26 14:39:09.550762+00:00,101.36.127.50,zjw,Failed password,auth_fail,0.329,True
2026-02-26 14:41:36.920470+00:00,101.36.127.50,admin,Failed password,auth_fail,0.329,True
2026-02-26 14:41:45.326154+00:00,106.37.176.158,debian,Failed password,auth_fail,0.9196,True
2026-02-26 14:41:46.962277+00:00,106.37.176.158,debian,Failed password,auth_fail,1.0,True
2026-02-26 14:41:47.847687+00:00,106.37.176.158,debian,Failed password,auth_fail,1.0,True
2026-02-26 14:41:48.723793+00:00,106.37.176.158,debian,Failed password,auth_fail,1.0,True
2026-02-26 14:41:49.694933+00:00,106.37.176.158,debian,Failed password,auth_fail,1.0,True
2026-02-26 14:41:51.574288+00:00,106.37.176.158,debian,Failed password,auth_fail,1.0,True
2026-02-26 14:41:53.359061+00:00,106.37.176.158,debian,Failed password,auth_fail,1.0,True
2026-02-26 14:41:54.286900+00:00,106.37.176.158,debian,Failed password,auth_fail,1.0,True
2026-02-26 14:41:55.261550+00:00,106.37.176.158,debian,Failed password,auth_fail,1.0,True
2026-02-26 14:41:57.019258+00:00,106.37.176.158,debian,Failed password,auth_fail,1.0,True
2026-02-26 14:41:59.971078+00:00,106.37.176.158,debian,Failed password,auth_fail,1.0,True
2026-02-26 14:42:03.737510+00:00,106.37.176.158,debian,Failed password,auth_fail,1.0,True
2026-02-26 14:42:05.953296+00:00,106.37.176.158,debian,Failed password,auth_fail,1.0,True
2026-02-26 14:42:07.217650+00:00,106.37.176.158,debian,Failed password,auth_fail,1.0,True
2026-02-26 14:42:08.637452+00:00,106.37.176.158,debian,Failed password,auth_fail,1.0,True
2026-02-26 14:42:09.514633+00:00,106.37.176.158,debian,Failed password,auth_fail,1.0,True
2026-02-26 14:42:11.967599+00:00,106.37.176.158,debian,Failed password,auth_fail,1.0,True
2026-02-26 14:42:12.027140+00:00,101.36.127.50,user,Failed password,auth_fail,1.0,True
2026-02-26 14:44:03.791889+00:00,101.36.127.50,admin,Failed password,auth_fail,0.9342,True
2026-02-26 14:46:33.723385+00:00,101.36.127.50,testuser,Failed password,auth_fail,0.9342,True
2026-02-26 14:49:07.546588+00:00,101.36.127.50,admin,Failed password,auth_fail,0.329,True
2026-02-26 14:52:10.193320+00:00,101.36.127.50,linuxadmin,Failed password,auth_fail,0.329,True
2026-02-26 14:52:44.701633+00:00,101.36.127.50,ftpuser,Failed password,auth_fail,1.0,True
2026-02-26 14:53:23.499633+00:00,101.36.127.50,useradmin,Failed password,auth_fail,1.0,True
2026-02-26 14:55:15.838856+00:00,101.36.127.50,ftptest,Failed password,auth_fail,0.9342,True
2026-02-26 14:58:28.978098+00:00,101.36.127.50,node,Failed password,auth_fail,0.329,True
2026-02-26 14:59:07.331330+00:00,101.36.127.50,builder,Failed password,auth_fail,1.0,True
2026-02-26 15:00:21.911220+00:00,101.36.127.50,postgres,Failed password,auth_fail,0.9342,True
2026-02-26 15:00:58.328370+00:00,101.36.127.50,lab,Failed password,auth_fail,1.0,True
2026-02-26 15:01:35.102746+00:00,101.36.127.50,sftpuser,Failed password,auth_fail,1.0,True
2026-02-26 15:03:29.811201+00:00,101.36.127.50,1234,Failed password,auth_fail,0.9527,True
2026-02-26 15:05:24.005299+00:00,101.36.127.50,admin,Failed password,auth_fail,0.9342,True
2026-02-26 15:08:15.268502+00:00,101.36.127.50,a,Failed password,auth_fail,0.9342,True
2026-02-26 15:08:55.942473+00:00,101.36.127.50,test123,Failed password,auth_fail,1.0,True
2026-02-26 15:17:25.839421+00:00,101.36.127.50,git,Failed password,auth_fail,0.2426,True
2026-02-26 15:18:03.879262+00:00,101.36.127.50,admin,Failed password,auth_fail,0.9999,True
2026-02-26 15:18:42.330527+00:00,101.36.127.50,user,Failed password,auth_fail,1.0,True
2026-02-26 15:23:54.050566+00:00,101.36.127.50,deployer,Failed password,auth_fail,0.2426,True
2026-02-26 15:24:33.228182+00:00,101.36.127.50,1,Failed password,auth_fail,0.9999,True
2026-02-26 15:25:11.259078+00:00,101.36.127.50,test1,Failed password,auth_fail,1.0,True
2026-02-26 15:31:24.845034+00:00,101.36.127.50,alex,Failed password,auth_fail,0.2426,True
2026-02-26 15:32:03.545608+00:00,101.36.127.50,sammy,Failed password,auth_fail,0.9999,True
2026-02-26 15:34:37.807453+00:00,101.36.127.50,postgres,Failed password,auth_fail,0.9342,True
2026-02-26 15:35:17.576333+00:00,101.36.127.50,mysql,Failed password,auth_fail,1.0,True
2026-02-26 15:35:55.839686+00:00,101.36.127.50,mc,Failed password,auth_fail,1.0,True
2026-02-26 15:36:35.610434+00:00,101.36.127.50,tester,Failed password,auth_fail,1.0,True
2026-02-26 15:37:15.569367+00:00,101.36.127.50,temp,Failed password,auth_fail,1.0,True
2026-02-26 15:45:06.920344+00:00,101.36.127.50,deploy,Failed password,auth_fail,0.2426,True
2026-02-26 15:51:00.840554+00:00,101.36.127.50,odoo,Failed password,auth_fail,0.2426,True
2026-02-26 15:51:39.849869+00:00,101.36.127.50,server,Failed password,auth_fail,0.9999,True
2026-02-26 15:55:00.460698+00:00,101.36.127.50,kafka,Failed password,auth_fail,0.9342,True
2026-02-26 15:55:42.380098+00:00,101.36.127.50,git,Failed password,auth_fail,1.0,True
2026-02-26 15:56:24.660139+00:00,101.36.127.50,dolphinscheduler,Failed password,auth_fail,1.0,True
2026-02-26 15:57:05.891612+00:00,101.36.127.50,docker,Failed password,auth_fail,1.0,True
2026-02-26 15:57:48.744797+00:00,101.36.127.50,test,Failed password,auth_fail,1.0,True
2026-02-26 16:05:18.253011+00:00,101.36.127.50,prueba,Failed password,auth_fail,0.2426,True
2026-02-26 16:05:58.347377+00:00,101.36.127.50,user1,Failed password,auth_fail,0.9999,True
2026-02-26 16:06:40.399114+00:00,101.36.127.50,support,Failed password,auth_fail,1.0,True
2026-02-26 16:11:30.824637+00:00,101.36.127.50,upload,Failed password,auth_fail,0.329,True
2026-02-26 16:15:31.770935+00:00,101.36.127.50,admin,Failed password,auth_fail,0.329,True
2026-02-26 16:20:19.452592+00:00,101.36.127.50,peertube,Failed password,auth_fail,0.329,True
2026-02-26 16:21:02.028058+00:00,101.36.127.50,osboxes,Failed password,auth_fail,0.9999,True
2026-02-26 16:27:12.938292+00:00,101.36.127.50,mysql,Failed password,auth_fail,0.2426,True
2026-02-26 16:32:43.056001+00:00,101.36.127.50,user01,Failed password,auth_fail,0.2426,True
2026-02-26 16:34:50.950782+00:00,101.36.127.50,user1,Failed password,auth_fail,0.329,True
2026-02-26 16:35:32.555373+00:00,101.36.127.50,user,Failed password,auth_fail,1.0,True
2026-02-26 16:42:31.940502+00:00,101.36.127.50,prueba,Failed password,auth_fail,0.2426,True
2026-02-26 16:43:14.005393+00:00,101.36.127.50,what,Failed password,auth_fail,0.9999,True
2026-02-26 16:43:55.787584+00:00,101.36.127.50,samba,Failed password,auth_fail,1.0,True
2026-02-26 16:48:14.917958+00:00,101.36.127.50,music,Failed password,auth_fail,0.329,True
2026-02-26 16:48:57.903444+00:00,101.36.127.50,ftpuser,Failed password,auth_fail,0.9999,True
2026-02-26 16:49:39.196774+00:00,101.36.127.50,download,Failed password,auth_fail,1.0,True
2026-02-26 16:53:22.141551+00:00,101.36.127.50,developer,Failed password,auth_fail,0.9342,True
2026-02-26 16:54:07.437331+00:00,101.36.127.50,user2,Failed password,auth_fail,1.0,True
2026-02-26 16:57:07.873077+00:00,101.36.127.50,pi,Failed password,auth_fail,0.9342,True
2026-02-26 16:57:53.401233+00:00,101.36.127.50,0,Failed password,auth_fail,1.0,True
2026-02-26 16:58:37.945680+00:00,101.36.127.50,steam,Failed password,auth_fail,1.0,True
2026-02-26 17:03:57.935483+00:00,101.36.127.50,hadoop,Failed password,auth_fail,0.2426,True
2026-02-26 17:04:44.360446+00:00,101.36.127.50,ahmed,Failed password,auth_fail,0.9999,True
2026-02-26 17:05:28.575507+00:00,101.36.127.50,web,Failed password,auth_fail,1.0,True
2026-02-26 17:06:12.699444+00:00,101.36.127.50,super,Failed password,auth_fail,1.0,True
2026-02-26 17:10:34.405156+00:00,101.36.127.50,ftpuser,Failed password,auth_fail,0.329,True
2026-02-26 17:11:18.776222+00:00,101.36.127.50,user,Failed password,auth_fail,0.9999,True
2026-02-26 17:16:33.511645+00:00,101.36.127.50,pi,Failed password,auth_fail,0.2426,True
2026-02-26 17:17:19.748634+00:00,101.36.127.50,oracle,Failed password,auth_fail,0.9999,True
2026-02-26 17:18:05.670639+00:00,101.36.127.50,mcserver,Failed password,auth_fail,1.0,True
2026-02-26 17:18:49.476193+00:00,101.36.127.50,adam,Failed password,auth_fail,1.0,True
2026-02-26 17:19:34.171659+00:00,101.36.127.50,ts3,Failed password,auth_fail,1.0,True
2026-02-26 17:20:19.132900+00:00,101.36.127.50,test,Failed password,auth_fail,1.0,True
2026-02-26 17:33:09.910812+00:00,101.36.127.50,huawei,Failed password,auth_fail,0.2426,True
2026-02-26 17:33:55.700275+00:00,101.36.127.50,sysadmin,Failed password,auth_fail,0.9999,True
2026-02-26 17:47:57.621353+00:00,101.36.127.50,mysql,Failed password,auth_fail,0.2426,True
2026-02-26 17:48:45.452655+00:00,101.36.127.50,max,Failed password,auth_fail,0.9999,True
2026-02-26 17:49:32.618804+00:00,101.36.127.50,master,Failed password,auth_fail,1.0,True
2026-02-26 17:50:16.370552+00:00,101.36.127.50,ftpadmin,Failed password,auth_fail,1.0,True
2026-02-26 17:51:03.035649+00:00,101.36.127.50,dspace,Failed password,auth_fail,1.0,True
2026-02-26 17:51:49.454787+00:00,101.36.127.50,admin,Failed password,auth_fail,1.0,True
2026-02-26 18:06:54.506672+00:00,101.36.127.50,test,Failed password,auth_fail,0.2426,True
2026-02-26 18:07:43.136340+00:00,101.36.127.50,test1,Failed password,auth_fail,0.9999,True
2026-02-26 18:08:32.743876+00:00,101.36.127.50,telnet,Failed password,auth_fail,1.0,True
2026-02-26 20:05:37.571311+00:00,165.154.11.64,user,Failed password,auth_fail,0.2426,True
2026-02-26 20:05:38.585501+00:00,165.154.11.64,user,Failed password,auth_fail,0.9999,True
2026-02-26 20:05:39.564319+00:00,165.154.11.64,user,Failed password,auth_fail,1.0,True
2026-02-26 20:05:40.543779+00:00,165.154.11.64,user,Failed password,auth_fail,1.0,True
2026-02-26 20:05:41.524423+00:00,165.154.11.64,user,Failed password,auth_fail,1.0,True
2026-02-26 20:05:42.501474+00:00,165.154.11.64,user,Failed password,auth_fail,1.0,True
2026-02-26 20:05:43.480753+00:00,165.154.11.64,user,Failed password,auth_fail,1.0,True
2026-02-26 20:05:44.457704+00:00,165.154.11.64,user,Failed password,auth_fail,1.0,True
2026-02-26 20:05:45.468141+00:00,165.154.11.64,user,Failed password,auth_fail,1.0,True
2026-02-26 20:05:46.446822+00:00,165.154.11.64,user,Failed password,auth_fail,1.0,True
2026-02-26 20:05:47.460888+00:00,165.154.11.64,user,Failed password,auth_fail,1.0,True
2026-02-26 20:05:48.439390+00:00,165.154.11.64,user,Failed password,auth_fail,1.0,True
2026-02-26 20:05:49.417861+00:00,165.154.11.64,user,Failed password,auth_fail,1.0,True
2026-02-26 20:05:50.424387+00:00,165.154.11.64,user,Failed password,auth_fail,1.0,True
2026-02-26 20:05:51.436967+00:00,165.154.11.64,user,Failed password,auth_fail,1.0,True
2026-02-26 20:05:52.448404+00:00,165.154.11.64,user,Failed password,auth_fail,1.0,True
2026-02-26 20:05:53.459389+00:00,165.154.11.64,user,Failed password,auth_fail,1.0,True
2026-02-26 20:05:54.471965+00:00,165.154.11.64,user,Failed password,auth_fail,1.0,True
2026-02-26 20:05:55.449693+00:00,165.154.11.64,user,Failed password,auth_fail,1.0,True
2026-02-26 20:05:56.460096+00:00,165.154.11.64,user,Failed password,auth_fail,1.0,True
2026-02-26 20:05:57.440761+00:00,165.154.11.64,user,Failed password,auth_fail,1.0,True
2026-02-26 20:05:58.421993+00:00,165.154.11.64,user,Failed password,auth_fail,1.0,True
2026-02-26 20:05:59.429023+00:00,165.154.11.64,user,Failed password,auth_fail,1.0,True
2026-02-26 20:06:00.427649+00:00,165.154.11.64,user,Failed password,auth_fail,1.0,True
2026-02-26 20:06:01.440927+00:00,165.154.11.64,user,Failed password,auth_fail,1.0,True
2026-02-26 20:06:02.422890+00:00,165.154.11.64,user,Failed password,auth_fail,1.0,True
2026-02-26 20:06:03.436263+00:00,165.154.11.64,user,Failed password,auth_fail,1.0,True
2026-02-26 20:06:04.414419+00:00,165.154.11.64,user,Failed password,auth_fail,1.0,True
2026-02-26 20:06:05.421966+00:00,165.154.11.64,user,Failed password,auth_fail,1.0,True
2026-02-26 20:06:06.437403+00:00,165.154.11.64,user,Failed password,auth_fail,1.0,True
2026-02-26 20:06:07.455294+00:00,165.154.11.64,user,Failed password,auth_fail,1.0,True
2026-02-26 20:06:08.442815+00:00,165.154.11.64,user,Failed password,auth_fail,1.0,True
2026-02-26 20:06:09.450851+00:00,165.154.11.64,user,Failed password,auth_fail,1.0,True
2026-02-26 20:06:10.428528+00:00,165.154.11.64,user,Failed password,auth_fail,1.0,True
2026-02-26 20:06:11.406612+00:00,165.154.11.64,user,Failed password,auth_fail,1.0,True
2026-02-26 20:06:12.414837+00:00,165.154.11.64,user,Failed password,auth_fail,1.0,True
2026-02-26 20:06:13.400095+00:00,165.154.11.64,user,Failed password,auth_fail,1.0,True
2026-02-26 20:06:14.379760+00:00,165.154.11.64,user,Failed password,auth_fail,1.0,True
2026-02-26 20:06:15.357707+00:00,165.154.11.64,user,Failed password,auth_fail,1.0,True
2026-02-26 20:06:16.337449+00:00,165.154.11.64,user,Failed password,auth_fail,1.0,True
2026-02-26 20:06:17.313056+00:00,165.154.11.64,user,Failed password,auth_fail,1.0,True
2026-02-26 20:06:18.325443+00:00,165.154.11.64,user,Failed password,auth_fail,1.0,True
2026-02-26 20:06:19.340357+00:00,165.154.11.64,user,Failed password,auth_fail,1.0,True
2026-02-26 20:06:20.358669+00:00,165.154.11.64,user,Failed password,auth_fail,1.0,True
2026-02-26 20:06:21.338811+00:00,165.154.11.64,user,Failed password,auth_fail,1.0,True
2026-02-26 20:06:22.353401+00:00,165.154.11.64,user,Failed password,auth_fail,1.0,True
2026-02-26 20:06:23.365691+00:00,165.154.11.64,user,Failed password,auth_fail,1.0,True
2026-02-26 20:06:24.382367+00:00,165.154.11.64,user,Failed password,auth_fail,1.0,True
2026-02-26 20:06:25.359399+00:00,165.154.11.64,user,Failed password,auth_fail,1.0,True
2026-02-26 20:06:26.380786+00:00,165.154.11.64,user,Failed password,auth_fail,1.0,True
2026-02-26 20:06:27.358656+00:00,165.154.11.64,user,Failed password,auth_fail,1.0,True
2026-02-26 20:06:28.339822+00:00,165.154.11.64,user,Failed password,auth_fail,1.0,True
2026-02-26 20:06:29.356530+00:00,165.154.11.64,user,Failed password,auth_fail,1.0,True
2026-02-26 20:06:30.348716+00:00,165.154.11.64,user,Failed password,auth_fail,1.0,True
2026-02-26 20:06:31.327882+00:00,165.154.11.64,user,Failed password,auth_fail,1.0,True
2026-02-26 20:06:32.310037+00:00,165.154.11.64,user,Failed password,auth_fail,1.0,True
2026-02-26 20:06:33.321728+00:00,165.154.11.64,user,Failed password,auth_fail,1.0,True
2026-02-26 20:06:34.336305+00:00,165.154.11.64,user,Failed password,auth_fail,1.0,True
2026-02-26 20:06:35.401861+00:00,165.154.11.64,user,Failed password,auth_fail,1.0,True
2026-02-26 20:06:36.382192+00:00,165.154.11.64,user,Failed password,auth_fail,1.0,True
2026-02-26 20:06:37.393550+00:00,165.154.11.64,user,Failed password,auth_fail,1.0,True
2026-02-26 20:06:38.402516+00:00,165.154.11.64,user,Failed password,auth_fail,1.0,True
2026-02-26 20:06:39.383998+00:00,165.154.11.64,user,Failed password,auth_fail,1.0,True
2026-02-26 20:06:40.364940+00:00,165.154.11.64,user,Failed password,auth_fail,1.0,True
2026-02-26 20:06:41.347112+00:00,165.154.11.64,user,Failed password,auth_fail,1.0,True
2026-02-26 20:06:42.324171+00:00,165.154.11.64,user,Failed password,auth_fail,1.0,True
2026-02-26 20:06:43.302350+00:00,165.154.11.64,user,Failed password,auth_fail,1.0,True
2026-02-26 20:06:44.281694+00:00,165.154.11.64,user,Failed password,auth_fail,1.0,True
2026-02-26 20:06:45.294780+00:00,165.154.11.64,user,Failed password,auth_fail,1.0,True
2026-02-26 20:06:46.304999+00:00,165.154.11.64,user,Failed password,auth_fail,1.0,True
2026-02-26 20:06:47.316950+00:00,165.154.11.64,user,Failed password,auth_fail,1.0,True
2026-02-26 20:06:48.298423+00:00,165.154.11.64,user,Failed password,auth_fail,1.0,True
2026-02-26 20:06:49.278087+00:00,165.154.11.64,user,Failed password,auth_fail,1.0,True
2026-02-26 20:06:50.295395+00:00,165.154.11.64,user,Failed password,auth_fail,1.0,True
2026-02-26 20:06:51.301499+00:00,165.154.11.64,user,Failed password,auth_fail,1.0,True
2026-02-26 20:06:52.280714+00:00,165.154.11.64,user,Failed password,auth_fail,1.0,True
2026-02-26 20:06:53.294933+00:00,165.154.11.64,user,Failed password,auth_fail,1.0,True
2026-02-26 20:06:54.306361+00:00,165.154.11.64,user,Failed password,auth_fail,1.0,True
2026-02-26 20:06:55.288042+00:00,165.154.11.64,user,Failed password,auth_fail,1.0,True
2026-02-26 20:06:56.265833+00:00,165.154.11.64,user,Failed password,auth_fail,1.0,True
2026-02-26 20:06:57.245590+00:00,165.154.11.64,user,Failed password,auth_fail,1.0,True
2026-02-26 20:06:58.226742+00:00,165.154.11.64,user,Failed password,auth_fail,1.0,True
2026-02-26 20:06:59.209599+00:00,165.154.11.64,user,Failed password,auth_fail,1.0,True
2026-02-26 20:07:00.192820+00:00,165.154.11.64,user,Failed password,auth_fail,1.0,True
2026-02-26 20:07:01.204271+00:00,165.154.11.64,user,Failed password,auth_fail,1.0,True
2026-02-26 20:07:02.190953+00:00,165.154.11.64,user,Failed password,auth_fail,1.0,True
2026-02-26 20:07:03.200138+00:00,165.154.11.64,user,Failed password,auth_fail,1.0,True
2026-02-26 20:07:04.177235+00:00,165.154.11.64,user,Failed password,auth_fail,1.0,True
2026-02-26 20:08:18.944034+00:00,165.154.11.64,debian,Failed password,auth_fail,0.9196,True
2026-02-26 20:08:19.638760+00:00,165.154.11.64,debian,Failed password,auth_fail,1.0,True
2026-02-26 20:08:20.336308+00:00,165.154.11.64,debian,Failed password,auth_fail,1.0,True
2026-02-26 20:08:21.032354+00:00,165.154.11.64,debian,Failed password,auth_fail,1.0,True
2026-02-26 20:08:21.737502+00:00,165.154.11.64,debian,Failed password,auth_fail,1.0,True
2026-02-26 20:08:22.432426+00:00,165.154.11.64,debian,Failed password,auth_fail,1.0,True
2026-02-26 20:08:23.118984+00:00,165.154.11.64,debian,Failed password,auth_fail,1.0,True
2026-02-26 20:08:23.807883+00:00,165.154.11.64,debian,Failed password,auth_fail,1.0,True
2026-02-26 20:08:24.509670+00:00,165.154.11.64,debian,Failed password,auth_fail,1.0,True
2026-02-26 20:08:25.211989+00:00,165.154.11.64,debian,Failed password,auth_fail,1.0,True
2026-02-26 20:08:25.909856+00:00,165.154.11.64,debian,Failed password,auth_fail,1.0,True
2026-02-26 20:08:26.645176+00:00,165.154.11.64,debian,Failed password,auth_fail,1.0,True
2026-02-26 20:08:27.341881+00:00,165.154.11.64,debian,Failed password,auth_fail,1.0,True
2026-02-26 20:08:28.050375+00:00,165.154.11.64,debian,Failed password,auth_fail,1.0,True
2026-02-26 20:08:28.750564+00:00,165.154.11.64,debian,Failed password,auth_fail,1.0,True
2026-02-26 20:08:29.456229+00:00,165.154.11.64,debian,Failed password,auth_fail,1.0,True
2026-02-26 20:08:30.158644+00:00,165.154.11.64,debian,Failed password,auth_fail,1.0,True
2026-02-26 20:08:30.854704+00:00,165.154.11.64,debian,Failed password,auth_fail,1.0,True
2026-02-26 20:08:31.555474+00:00,165.154.11.64,debian,Failed password,auth_fail,1.0,True
2026-02-26 20:08:32.247247+00:00,165.154.11.64,debian,Failed password,auth_fail,1.0,True
2026-02-26 20:08:32.940784+00:00,165.154.11.64,debian,Failed password,auth_fail,1.0,True
2026-02-26 20:08:33.638306+00:00,165.154.11.64,debian,Failed password,auth_fail,1.0,True
2026-02-26 20:08:34.337783+00:00,165.154.11.64,debian,Failed password,auth_fail,1.0,True
2026-02-26 20:08:35.040071+00:00,165.154.11.64,debian,Failed password,auth_fail,1.0,True
2026-02-26 20:08:35.754743+00:00,165.154.11.64,debian,Failed password,auth_fail,1.0,True
2026-02-26 20:08:36.461716+00:00,165.154.11.64,debian,Failed password,auth_fail,1.0,True
2026-02-26 20:08:37.163630+00:00,165.154.11.64,debian,Failed password,auth_fail,1.0,True
2026-02-26 20:08:37.857397+00:00,165.154.11.64,debian,Failed password,auth_fail,1.0,True
2026-02-26 20:08:38.556732+00:00,165.154.11.64,debian,Failed password,auth_fail,1.0,True
2026-02-26 20:08:39.259273+00:00,165.154.11.64,debian,Failed password,auth_fail,1.0,True
2026-02-26 20:08:39.951156+00:00,165.154.11.64,debian,Failed password,auth_fail,1.0,True
2026-02-26 20:08:40.640108+00:00,165.154.11.64,debian,Failed password,auth_fail,1.0,True
2026-02-26 20:08:41.351042+00:00,165.154.11.64,debian,Failed password,auth_fail,1.0,True
2026-02-26 20:08:42.051417+00:00,165.154.11.64,debian,Failed password,auth_fail,1.0,True
2026-02-26 20:08:42.750923+00:00,165.154.11.64,debian,Failed password,auth_fail,1.0,True
2026-02-26 20:08:43.440957+00:00,165.154.11.64,debian,Failed password,auth_fail,1.0,True
2026-02-26 20:08:44.139570+00:00,165.154.11.64,debian,Failed password,auth_fail,1.0,True
2026-02-26 20:08:44.837720+00:00,165.154.11.64,debian,Failed password,auth_fail,1.0,True
2026-02-26 20:08:45.548791+00:00,165.154.11.64,debian,Failed password,auth_fail,1.0,True
2026-02-26 20:08:46.245388+00:00,165.154.11.64,debian,Failed password,auth_fail,1.0,True
2026-02-26 20:08:46.947047+00:00,165.154.11.64,debian,Failed password,auth_fail,1.0,True
2026-02-26 20:08:47.642141+00:00,165.154.11.64,debian,Failed password,auth_fail,1.0,True
2026-02-26 20:08:48.349884+00:00,165.154.11.64,debian,Failed password,auth_fail,1.0,True
2026-02-26 20:08:49.043408+00:00,165.154.11.64,debian,Failed password,auth_fail,1.0,True
2026-02-26 20:08:49.729151+00:00,165.154.11.64,debian,Failed password,auth_fail,1.0,True
2026-02-26 20:08:50.424348+00:00,165.154.11.64,debian,Failed password,auth_fail,1.0,True
2026-02-26 20:08:51.113838+00:00,165.154.11.64,debian,Failed password,auth_fail,1.0,True
2026-02-26 20:08:51.803829+00:00,165.154.11.64,debian,Failed password,auth_fail,1.0,True
2026-02-26 20:08:52.512150+00:00,165.154.11.64,debian,Failed password,auth_fail,1.0,True
2026-02-26 20:08:53.203747+00:00,165.154.11.64,debian,Failed password,auth_fail,1.0,True
2026-02-26 20:08:53.899369+00:00,165.154.11.64,debian,Failed password,auth_fail,1.0,True
2026-02-26 20:08:54.585379+00:00,165.154.11.64,debian,Failed password,auth_fail,1.0,True
2026-02-26 20:08:55.288958+00:00,165.154.11.64,debian,Failed password,auth_fail,1.0,True
2026-02-26 20:08:55.988220+00:00,165.154.11.64,debian,Failed password,auth_fail,1.0,True
2026-02-26 20:08:56.693042+00:00,165.154.11.64,debian,Failed password,auth_fail,1.0,True
2026-02-26 20:08:57.456252+00:00,165.154.11.64,debian,Failed password,auth_fail,1.0,True
2026-02-26 20:08:58.153675+00:00,165.154.11.64,debian,Failed password,auth_fail,1.0,True
2026-02-26 20:08:58.846247+00:00,165.154.11.64,debian,Failed password,auth_fail,1.0,True
2026-02-26 20:08:59.546143+00:00,165.154.11.64,debian,Failed password,auth_fail,1.0,True
2026-02-26 20:09:00.234839+00:00,165.154.11.64,debian,Failed password,auth_fail,1.0,True
2026-02-26 20:09:00.934108+00:00,165.154.11.64,debian,Failed password,auth_fail,1.0,True
2026-02-26 20:09:01.630144+00:00,165.154.11.64,debian,Failed password,auth_fail,1.0,True
2026-02-26 20:09:02.321855+00:00,165.154.11.64,debian,Failed password,auth_fail,1.0,True
2026-02-26 20:09:03.022089+00:00,165.154.11.64,debian,Failed password,auth_fail,1.0,True
2026-02-26 20:09:03.726670+00:00,165.154.11.64,debian,Failed password,auth_fail,1.0,True
2026-02-26 20:09:04.422451+00:00,165.154.11.64,debian,Failed password,auth_fail,1.0,True
2026-02-26 20:09:05.116478+00:00,165.154.11.64,debian,Failed password,auth_fail,1.0,True
2026-02-26 20:09:05.806640+00:00,165.154.11.64,debian,Failed password,auth_fail,1.0,True
2026-02-26 20:09:06.496924+00:00,165.154.11.64,debian,Failed password,auth_fail,1.0,True
2026-02-26 20:09:07.203863+00:00,165.154.11.64,debian,Failed password,auth_fail,1.0,True
2026-02-26 20:09:07.917866+00:00,165.154.11.64,debian,Failed password,auth_fail,1.0,True
2026-02-26 20:09:08.611159+00:00,165.154.11.64,debian,Failed password,auth_fail,1.0,True
2026-02-26 20:09:09.304748+00:00,165.154.11.64,debian,Failed password,auth_fail,1.0,True
2026-02-26 20:09:10.008025+00:00,165.154.11.64,debian,Failed password,auth_fail,1.0,True
2026-02-26 20:09:10.712186+00:00,165.154.11.64,debian,Failed password,auth_fail,1.0,True
2026-02-26 20:09:11.415876+00:00,165.154.11.64,debian,Failed password,auth_fail,1.0,True
2026-02-26 20:09:12.116394+00:00,165.154.11.64,debian,Failed password,auth_fail,1.0,True
2026-02-26 20:09:12.815850+00:00,165.154.11.64,debian,Failed password,auth_fail,1.0,True
2026-02-26 20:09:13.503978+00:00,165.154.11.64,debian,Failed password,auth_fail,1.0,True
2026-02-26 20:09:14.204140+00:00,165.154.11.64,debian,Failed password,auth_fail,1.0,True
2026-02-26 20:09:14.893527+00:00,165.154.11.64,debian,Failed password,auth_fail,1.0,True
2026-02-26 20:09:15.590189+00:00,165.154.11.64,debian,Failed password,auth_fail,1.0,True
2026-02-26 20:09:16.299337+00:00,165.154.11.64,debian,Failed password,auth_fail,1.0,True
2026-02-26 20:09:16.990350+00:00,165.154.11.64,debian,Failed password,auth_fail,1.0,True
2026-02-26 20:09:17.680055+00:00,165.154.11.64,debian,Failed password,auth_fail,1.0,True
2026-02-26 20:09:18.377972+00:00,165.154.11.64,debian,Failed password,auth_fail,1.0,True
2026-02-26 20:09:19.082944+00:00,165.154.11.64,debian,Failed password,auth_fail,1.0,True
2026-02-26 20:09:19.777404+00:00,165.154.11.64,debian,Failed password,auth_fail,1.0,True
2026-02-26 20:09:20.480464+00:00,165.154.11.64,admin,Failed password,auth_fail,1.0,True
2026-02-26 20:09:21.177724+00:00,165.154.11.64,admin,Failed password,auth_fail,1.0,True
2026-02-26 20:09:21.876483+00:00,165.154.11.64,admin,Failed password,auth_fail,1.0,True
2026-02-26 20:09:22.577032+00:00,165.154.11.64,admin,Failed password,auth_fail,1.0,True
2026-02-26 20:09:23.279952+00:00,165.154.11.64,admin,Failed password,auth_fail,1.0,True
2026-02-26 20:09:23.975246+00:00,165.154.11.64,admin,Failed password,auth_fail,1.0,True
2026-02-26 20:09:24.674811+00:00,165.154.11.64,admin,Failed password,auth_fail,1.0,True
2026-02-26 20:09:25.367254+00:00,165.154.11.64,admin,Failed password,auth_fail,1.0,True
2026-02-26 20:09:26.060365+00:00,165.154.11.64,admin,Failed password,auth_fail,1.0,True
2026-02-26 20:09:26.764385+00:00,165.154.11.64,admin,Failed password,auth_fail,1.0,True
2026-02-26 20:09:27.467452+00:00,165.154.11.64,admin,Failed password,auth_fail,1.0,True
2026-02-26 20:09:28.161865+00:00,165.154.11.64,admin,Failed password,auth_fail,1.0,True
2026-02-26 20:09:28.859577+00:00,165.154.11.64,admin,Failed password,auth_fail,1.0,True
2026-02-26 20:09:29.553737+00:00,165.154.11.64,admin,Failed password,auth_fail,1.0,True
2026-02-26 20:09:30.255845+00:00,165.154.11.64,admin,Failed password,auth_fail,1.0,True
2026-02-26 20:09:30.954045+00:00,165.154.11.64,admin,Failed password,auth_fail,1.0,True
2026-02-26 20:09:31.638323+00:00,165.154.11.64,admin,Failed password,auth_fail,1.0,True
2026-02-26 20:09:32.338592+00:00,165.154.11.64,admin,Failed password,auth_fail,1.0,True
2026-02-26 20:09:33.036541+00:00,165.154.11.64,admin,Failed password,auth_fail,1.0,True
2026-02-26 20:09:33.739188+00:00,165.154.11.64,admin,Failed password,auth_fail,1.0,True
2026-02-26 20:09:34.441116+00:00,165.154.11.64,admin,Failed password,auth_fail,1.0,True
2026-02-26 20:09:35.130231+00:00,165.154.11.64,admin,Failed password,auth_fail,1.0,True
2026-02-26 20:09:35.821450+00:00,165.154.11.64,admin,Failed password,auth_fail,1.0,True
2026-02-26 20:09:36.520168+00:00,165.154.11.64,admin,Failed password,auth_fail,1.0,True
2026-02-26 20:09:37.222366+00:00,165.154.11.64,admin,Failed password,auth_fail,1.0,True
2026-02-26 20:09:37.910128+00:00,165.154.11.64,admin,Failed password,auth_fail,1.0,True
2026-02-26 20:09:38.606703+00:00,165.154.11.64,admin,Failed password,auth_fail,1.0,True
2026-02-26 20:09:39.311683+00:00,165.154.11.64,admin,Failed password,auth_fail,1.0,True
2026-02-26 20:09:40.009705+00:00,165.154.11.64,admin,Failed password,auth_fail,1.0,True
2026-02-26 20:09:40.712157+00:00,165.154.11.64,admin,Failed password,auth_fail,1.0,True
2026-02-26 20:09:41.403501+00:00,165.154.11.64,admin,Failed password,auth_fail,1.0,True
2026-02-26 20:09:42.097091+00:00,165.154.11.64,admin,Failed password,auth_fail,1.0,True
2026-02-26 20:09:42.810841+00:00,165.154.11.64,admin,Failed password,auth_fail,1.0,True
2026-02-26 20:09:43.514599+00:00,165.154.11.64,admin,Failed password,auth_fail,1.0,True
2026-02-26 20:09:44.214740+00:00,165.154.11.64,admin,Failed password,auth_fail,1.0,True
2026-02-26 20:09:44.915206+00:00,165.154.11.64,admin,Failed password,auth_fail,1.0,True
2026-02-26 20:09:45.606520+00:00,165.154.11.64,admin,Failed password,auth_fail,1.0,True
2026-02-26 20:09:46.293847+00:00,165.154.11.64,admin,Failed password,auth_fail,1.0,True
2026-02-26 20:09:46.995328+00:00,165.154.11.64,admin,Failed password,auth_fail,1.0,True
2026-02-26 20:09:47.695125+00:00,165.154.11.64,admin,Failed password,auth_fail,1.0,True
2026-02-26 20:09:48.387015+00:00,165.154.11.64,admin,Failed password,auth_fail,1.0,True
2026-02-26 20:09:49.096353+00:00,165.154.11.64,admin,Failed password,auth_fail,1.0,True
2026-02-26 20:09:49.795304+00:00,165.154.11.64,admin,Failed password,auth_fail,1.0,True
2026-02-26 20:09:50.493076+00:00,165.154.11.64,admin,Failed password,auth_fail,1.0,True
2026-02-26 20:09:51.193530+00:00,165.154.11.64,admin,Failed password,auth_fail,1.0,True
2026-02-26 20:09:51.887072+00:00,165.154.11.64,admin,Failed password,auth_fail,1.0,True
2026-02-26 20:09:52.583764+00:00,165.154.11.64,admin,Failed password,auth_fail,1.0,True
2026-02-26 20:09:53.283762+00:00,165.154.11.64,admin,Failed password,auth_fail,1.0,True
2026-02-26 20:09:53.983532+00:00,165.154.11.64,admin,Failed password,auth_fail,1.0,True
2026-02-26 20:09:54.684120+00:00,165.154.11.64,admin,Failed password,auth_fail,1.0,True
2026-02-26 20:09:55.376388+00:00,165.154.11.64,admin,Failed password,auth_fail,1.0,True
2026-02-26 20:09:56.070978+00:00,165.154.11.64,admin,Failed password,auth_fail,1.0,True
2026-02-26 20:09:56.769288+00:00,165.154.11.64,admin,Failed password,auth_fail,1.0,True
2026-02-26 20:09:57.472740+00:00,165.154.11.64,admin,Failed password,auth_fail,1.0,True
2026-02-26 20:09:58.172099+00:00,165.154.11.64,admin,Failed password,auth_fail,1.0,True
2026-02-26 20:09:58.877878+00:00,165.154.11.64,admin,Failed password,auth_fail,1.0,True
2026-02-26 20:09:59.595348+00:00,165.154.11.64,admin,Failed password,auth_fail,1.0,True
2026-02-26 20:10:00.310891+00:00,165.154.11.64,admin,Failed password,auth_fail,1.0,True
2026-02-26 20:10:01.013326+00:00,165.154.11.64,admin,Failed password,auth_fail,1.0,True
2026-02-26 20:10:01.713256+00:00,165.154.11.64,admin,Failed password,auth_fail,1.0,True
2026-02-26 20:10:02.411792+00:00,165.154.11.64,admin,Failed password,auth_fail,1.0,True
2026-02-26 20:10:03.110065+00:00,165.154.11.64,admin,Failed password,auth_fail,1.0,True
2026-02-26 20:10:03.811558+00:00,165.154.11.64,admin,Failed password,auth_fail,1.0,True
2026-02-26 20:10:04.513270+00:00,165.154.11.64,admin,Failed password,auth_fail,1.0,True
2026-02-26 20:10:05.208673+00:00,165.154.11.64,admin,Failed password,auth_fail,1.0,True
2026-02-26 20:10:05.910336+00:00,165.154.11.64,admin,Failed password,auth_fail,1.0,True
2026-02-26 20:10:06.619036+00:00,165.154.11.64,admin,Failed password,auth_fail,1.0,True
2026-02-26 20:10:07.317938+00:00,165.154.11.64,admin,Failed password,auth_fail,1.0,True
2026-02-26 20:10:08.018482+00:00,165.154.11.64,admin,Failed password,auth_fail,1.0,True
2026-02-26 20:10:08.722048+00:00,165.154.11.64,admin,Failed password,auth_fail,1.0,True
2026-02-26 20:10:09.420693+00:00,165.154.11.64,admin,Failed password,auth_fail,1.0,True
2026-02-26 20:10:10.118983+00:00,165.154.11.64,admin,Failed password,auth_fail,1.0,True
2026-02-26 20:10:10.812878+00:00,165.154.11.64,admin,Failed password,auth_fail,1.0,True
2026-02-26 20:10:11.519252+00:00,165.154.11.64,admin,Failed password,auth_fail,1.0,True
2026-02-26 20:10:12.215591+00:00,165.154.11.64,admin,Failed password,auth_fail,1.0,True
2026-02-26 20:10:12.905742+00:00,165.154.11.64,admin,Failed password,auth_fail,1.0,True
2026-02-26 20:10:13.602814+00:00,165.154.11.64,admin,Failed password,auth_fail,1.0,True
2026-02-26 20:10:14.307257+00:00,165.154.11.64,admin,Failed password,auth_fail,1.0,True
2026-02-26 20:10:15.000940+00:00,165.154.11.64,admin,Failed password,auth_fail,1.0,True
2026-02-26 20:10:15.705330+00:00,165.154.11.64,admin,Failed password,auth_fail,1.0,True
2026-02-26 20:10:16.401814+00:00,165.154.11.64,admin,Failed password,auth_fail,1.0,True
2026-02-26 20:10:17.099504+00:00,165.154.11.64,admin,Failed password,auth_fail,1.0,True
2026-02-26 20:10:17.803645+00:00,165.154.11.64,admin,Failed password,auth_fail,1.0,True
2026-02-26 20:10:18.509978+00:00,165.154.11.64,admin,Failed password,auth_fail,1.0,True
2026-02-26 20:10:19.205867+00:00,165.154.11.64,admin,Failed password,auth_fail,1.0,True
2026-02-26 20:10:19.898995+00:00,165.154.11.64,admin,Failed password,auth_fail,1.0,True
2026-02-26 20:10:20.602382+00:00,165.154.11.64,admin,Failed password,auth_fail,1.0,True
2026-02-26 20:10:21.296865+00:00,165.154.11.64,admin,Failed password,auth_fail,1.0,True
2026-02-26 20:10:21.995316+00:00,165.154.11.64,pi,Failed password,auth_fail,1.0,True
2026-02-26 20:10:22.691719+00:00,165.154.11.64,ftp,Failed password,auth_fail,1.0,True
2026-02-26 20:37:18.251135+00:00,159.223.231.97,test1,Failed password,auth_fail,0.2426,True
2026-02-26 20:37:58.424860+00:00,159.223.231.97,test2,Failed password,auth_fail,0.9999,True
2026-02-26 20:38:40.776487+00:00,159.223.231.97,test3,Failed password,auth_fail,1.0,True
2026-02-27 01:01:07.174027+00:00,159.65.16.183,admin,Failed password,auth_fail,0.2426,True
2026-02-27 01:01:54.241746+00:00,159.65.16.183,admin,Failed password,auth_fail,0.9999,True
2026-02-27 01:02:40.450897+00:00,159.65.16.183,admin,Failed password,auth_fail,1.0,True
2026-02-27 01:03:27.468701+00:00,159.65.16.183,admin,Failed password,auth_fail,1.0,True
2026-02-27 01:04:13.524922+00:00,159.65.16.183,admin,Failed password,auth_fail,1.0,True
2026-02-27 01:04:58.697294+00:00,159.65.16.183,admin,Failed password,auth_fail,1.0,True
2026-02-27 01:05:40.435325+00:00,159.65.16.183,admin,Failed password,auth_fail,1.0,True
2026-02-27 02:08:01.204660+00:00,134.199.155.127,,Failed password,auth_fail,0.2426,True
2026-02-27 02:36:37.559118+00:00,79.249.94.155,a,Failed password,auth_fail,0.2426,True
2026-02-27 03:37:00.719982+00:00,139.19.117.131,admin,Failed password,auth_fail,0.2426,True
2026-02-27 05:37:55.053535+00:00,8.138.155.88,,Failed password,auth_fail,0.2426,True
2026-02-27 08:35:45.178497+00:00,139.19.117.131,admin,Failed password,auth_fail,0.2426,True
2026-02-27 08:53:48.185262+00:00,172.235.168.35,ddfhy,Failed password,auth_fail,0.2426,True
2026-02-27 11:19:24.561558+00:00,101.206.107.245,a,Failed password,auth_fail,0.2426,True
2026-02-27 13:56:11.396081+00:00,34.84.162.177,root,Disconnected,normal_logout,0.2426,True
2026-02-27 17:29:13.632000+00:00,139.19.117.131,admin,Failed password,auth_fail,0.2426,True
2026-02-27 20:04:42.423083+00:00,193.46.255.141,,Failed password,auth_fail,0.2426,True
2026-02-27 20:09:19.876120+00:00,178.205.14.59,root,Disconnected,normal_logout,0.2426,True
2026-02-27 20:09:22.884398+00:00,178.205.14.59,admin,Failed password,auth_fail,0.9998,True
2026-02-27 20:09:26.297533+00:00,178.205.14.59,admin,Failed password,auth_fail,0.9999,True
2026-02-27 20:09:29.056329+00:00,178.205.14.59,admin,Failed password,auth_fail,1.0,True
2026-02-27 20:09:29.298820+00:00,178.205.14.59,admin,Disconnected,normal_logout,1.0,True
2026-02-27 20:09:32.089985+00:00,178.205.14.59,oracle,Failed password,auth_fail,1.0,True
2026-02-27 20:09:33.772129+00:00,178.205.14.59,oracle,Failed password,auth_fail,1.0,True
2026-02-27 20:09:36.501258+00:00,178.205.14.59,oracle,Failed password,auth_fail,1.0,True
2026-02-27 20:09:36.629860+00:00,178.205.14.59,oracle,Disconnected,normal_logout,1.0,True
2026-02-27 20:09:39.078145+00:00,178.205.14.59,usuario,Failed password,auth_fail,1.0,True
2026-02-27 20:09:43.709556+00:00,178.205.14.59,usuario,Failed password,auth_fail,1.0,True
2026-02-27 20:09:47.338365+00:00,178.205.14.59,usuario,Failed password,auth_fail,1.0,True
2026-02-27 20:09:47.463034+00:00,178.205.14.59,usuario,Disconnected,normal_logout,1.0,True
2026-02-27 20:09:49.891441+00:00,178.205.14.59,test,Failed password,auth_fail,1.0,True
2026-02-27 20:09:52.979867+00:00,178.205.14.59,test,Failed password,auth_fail,1.0,True
2026-02-27 20:09:57.099378+00:00,178.205.14.59,test,Failed password,auth_fail,1.0,True
2026-02-27 20:09:57.234342+00:00,178.205.14.59,test,Disconnected,normal_logout,1.0,True
2026-02-27 20:10:02.194942+00:00,178.205.14.59,user,Failed password,auth_fail,1.0,True
2026-02-27 20:10:05.696202+00:00,178.205.14.59,user,Failed password,auth_fail,1.0,True
2026-02-27 20:10:08.563529+00:00,178.205.14.59,user,Failed password,auth_fail,1.0,True
2026-02-27 20:10:08.829562+00:00,178.205.14.59,user,Disconnected,normal_logout,1.0,True
2026-02-27 20:10:12.224216+00:00,178.205.14.59,ftpuser,Failed password,auth_fail,1.0,True
2026-02-27 20:10:15.172558+00:00,178.205.14.59,ftpuser,Failed password,auth_fail,1.0,True
2026-02-27 20:10:17.000426+00:00,178.205.14.59,ftpuser,Failed password,auth_fail,1.0,True
2026-02-27 20:10:17.253407+00:00,178.205.14.59,ftpuser,Disconnected,normal_logout,1.0,True
2026-02-27 20:10:20.184481+00:00,178.205.14.59,test1,Failed password,auth_fail,1.0,True
2026-02-27 20:10:22.912852+00:00,178.205.14.59,test1,Failed password,auth_fail,1.0,True
2026-02-27 20:10:25.280836+00:00,178.205.14.59,test1,Failed password,auth_fail,1.0,True
2026-02-27 20:10:25.407898+00:00,178.205.14.59,test1,Disconnected,normal_logout,1.0,True
2026-02-27 20:10:27.461505+00:00,178.205.14.59,test2,Failed password,auth_fail,1.0,True
2026-02-27 20:10:30.914637+00:00,178.205.14.59,test2,Failed password,auth_fail,1.0,True
2026-02-27 20:10:33.983422+00:00,178.205.14.59,test2,Failed password,auth_fail,1.0,True
2026-02-27 20:10:34.111330+00:00,178.205.14.59,test2,Disconnected,normal_logout,1.0,True
2026-02-27 20:10:41.929783+00:00,178.205.14.59,ubuntu,Disconnected,normal_logout,1.0,True
2026-02-27 20:10:44.079393+00:00,178.205.14.59,pi,Failed password,auth_fail,1.0,True
2026-02-27 20:10:44.337970+00:00,178.205.14.59,pi,Disconnected,normal_logout,1.0,True
2026-02-27 20:10:46.641633+00:00,178.205.14.59,baikal,Failed password,auth_fail,1.0,True
2026-02-27 20:10:46.704716+00:00,178.205.14.59,baikal,Disconnected,normal_logout,1.0,True
2026-02-28 05:53:03.179565+00:00,103.171.188.76,admin,Failed password,auth_fail,0.2426,True
2026-02-28 05:53:04.472638+00:00,103.171.188.76,test,Failed password,auth_fail,0.9999,True
2026-02-28 05:53:05.678213+00:00,103.171.188.76,user,Failed password,auth_fail,1.0,True
2026-02-28 05:53:15.791923+00:00,185.156.72.194,admin,Failed password,auth_fail,0.2426,True
2026-02-28 05:54:41.528017+00:00,185.156.72.194,orangepi,Failed password,auth_fail,0.329,True
2026-02-28 06:04:46.947393+00:00,185.156.72.194,test,Failed password,auth_fail,0.2426,True
2026-02-28 06:06:15.087323+00:00,185.156.72.194,user,Failed password,auth_fail,0.329,True
2026-02-28 06:09:11.849945+00:00,185.156.72.194,admin,Failed password,auth_fail,0.9342,True
2026-02-28 06:10:41.552166+00:00,185.156.72.194,cirros,Failed password,auth_fail,0.9342,True
2026-02-28 06:15:04.792129+00:00,185.156.72.194,admin,Failed password,auth_fail,0.329,True
2026-02-28 06:18:05.743437+00:00,185.156.72.194,rpc,Failed password,auth_fail,0.329,True
2026-02-28 06:24:02.402132+00:00,185.156.72.194,user1,Failed password,auth_fail,0.2426,True
2026-02-28 06:30:02.646590+00:00,185.156.72.194,kali,Failed password,auth_fail,0.2426,True
2026-02-28 06:31:34.177683+00:00,185.156.72.194,linaro,Failed password,auth_fail,0.329,True
2026-02-28 06:42:05.748265+00:00,185.156.72.194,admin,Failed password,auth_fail,0.2426,True
2026-02-28 06:49:41.756744+00:00,185.156.72.194,admin,Failed password,auth_fail,0.2426,True
2026-02-28 06:51:12.280352+00:00,185.156.72.194,user,Failed password,auth_fail,0.329,True
2026-02-28 06:55:40.509342+00:00,185.156.72.194,admin,Failed password,auth_fail,0.329,True
2026-02-28 07:00:17.412708+00:00,185.156.72.194,postgres,Failed password,auth_fail,0.329,True
2026-02-28 07:04:48.497426+00:00,103.171.188.76,admin,Failed password,auth_fail,0.2426,True
2026-02-28 07:04:49.662324+00:00,103.171.188.76,test,Failed password,auth_fail,0.9999,True
2026-02-28 07:04:50.878349+00:00,103.171.188.76,user,Failed password,auth_fail,1.0,True
2026-02-28 20:46:22.618695+00:00,104.248.91.29,admin,Failed password,auth_fail,0.2426,True
2026-02-28 20:47:05.545103+00:00,104.248.91.29,admin,Failed password,auth_fail,0.9999,True
2026-02-28 20:47:46.975614+00:00,104.248.91.29,admin,Failed password,auth_fail,1.0,True
2026-02-28 20:48:28.822953+00:00,104.248.91.29,admin,Failed password,auth_fail,1.0,True
2026-02-28 20:49:11.225366+00:00,104.248.91.29,admin,Failed password,auth_fail,1.0,True
2026-02-28 20:49:52.115436+00:00,104.248.91.29,admin,Failed password,auth_fail,1.0,True
2026-02-28 20:50:31.255620+00:00,104.248.91.29,admin,Failed password,auth_fail,1.0,True
2026-02-28 20:51:08.508583+00:00,104.248.91.29,admin,Failed password,auth_fail,1.0,True
2026-02-28 21:31:59.429728+00:00,167.172.189.222,admin,Failed password,auth_fail,0.2426,True
2026-02-28 21:32:28.317593+00:00,167.172.189.222,admin,Failed password,auth_fail,0.9999,True
2026-02-28 21:32:55.007183+00:00,167.172.189.222,admin,Failed password,auth_fail,1.0,True
2026-02-28 23:35:10.693413+00:00,171.231.177.98,config,Failed password,auth_fail,0.2426,True
